date,league,t1,t2,bet_type,bet_line,ROI,fair_odds,odds,House,url,status
2023-10-09,LOL - Worlds Qualifying Series,Team BDS,Golden Guardians,under,total_dragons 4.5,35.00%,1.67,2.25,Bet365,,win
2023-10-09,LOL - Worlds Qualifying Series,Team BDS,Golden Guardians,under,total_towers 12.5,14.38%,1.6,1.83,Bet365,,win
2023-10-09,LOL - Worlds Qualifying Series,Team BDS,Golden Guardians,under,total_kills 27.5,14.00%,1.67,1.9,Bet365,,win
2023-10-09,LOL - Worlds Qualifying Series,Team BDS,Golden Guardians,under,total_inhibitors 1.5,0.00%,2.5,2.5,Bet365,,win
2023-10-10,LOL - World Champs Play-In,PSG Talon,Movistar R7,under,total_towers 11.5,0.22%,1.9,1.9,Bet365,,loss
2023-10-10,LOL - World Champs Play-In,PSG Talon,Movistar R7,over,total_kills 26.5,0.47%,1.82,1.83,Bet365,,loss
2023-10-10,LOL - World Champs Play-In,PSG Talon,Movistar R7,under,total_inhibitors 1.5,0.96%,1.88,1.9,Bet365,,loss
2023-10-10,LOL - World Champs Play-In,GAM Esports,LOUD,under,total_dragons 4.5,25.21%,1.37,1.72,Bet365,,win
2023-10-10,LOL - World Champs Play-In,GAM Esports,LOUD,over,total_towers 12.5,3.57%,2.17,2.25,Bet365,,win
2023-10-10,LOL - World Champs Play-In,GAM Esports,LOUD,under,total_kills 29.5,4.96%,1.74,1.83,Bet365,,win
2023-10-10,LOL - World Champs Play-In,GAM Esports,LOUD,under,total_inhibitors 1.5,34.93%,1.85,2.5,Bet365,,loss
2023-10-11,LOL - World Champs Play-In,CTBC Flying Oyster,DetonatioN FocusMe,over,total_dragons 4.5,3.85%,2.12,2.2,Bet365,,win
2023-10-11,LOL - World Champs Play-In,CTBC Flying Oyster,DetonatioN FocusMe,under,total_towers 11.5,40.51%,1.49,2.1,Bet365,,win
2023-10-11,LOL - World Champs Play-In,CTBC Flying Oyster,DetonatioN FocusMe,under,total_inhibitors 1.5,15.01%,2.06,2.37,Bet365,,win
2023-10-08,Coupe de France,Vitality.Bee,Team du Sud,FD,first_dragon Vitality.Bee,18.58%,1.43,1.694,Dafabet,,win
2023-10-10,LOL - World Champs Play-In,PSG Talon,Movistar R7,over,total_kills 24.5,11.95%,1.63,1.83,Bet365,,win
2023-10-10,LOL - World Champs Play-In,PSG Talon,Movistar R7,over,game_duration 29.5,43.06%,1.33,1.9,Bet365,,loss
2023-10-10,LOL - World Champs Play-In,GAM Esports,LOUD,under,total_kills 28.5,4.96%,1.74,1.83,Bet365,,win
2023-10-10,LOL - World Champs Play-In,GAM Esports,LOUD,under,game_duration 30.5,12.49%,1.63,1.83,Bet365,,win
2023-10-11,LOL - World Champs Play-In,CTBC Flying Oyster,DetonatioN FocusMe,under,game_duration 31.5,1.19%,1.81,1.83,Bet365,,loss
2023-10-11,LOL - World Champs Play-In,Team BDS,Team Whales,over,total_dragons 4.5,12.50%,2.67,3.0,Bet365,,loss
2023-10-11,LOL - World Champs Play-In,Team BDS,Team Whales,over,total_towers 11.5,21.00%,1.82,2.2,Bet365,,loss
2023-10-11,LOL - World Champs Play-In,Team BDS,Team Whales,under,total_kills 23.5,5.22%,1.74,1.83,Bet365,,win
2023-10-11,LOL - World Champs Play-In,Team BDS,Team Whales,over,game_duration 27.5,14.38%,1.6,1.83,Bet365,,loss
2023-10-11,LOL - World Champs Play-In,Team BDS,Team Whales,under,total_inhibitors 1.5,65.90%,1.43,2.37,Bet365,,win
2023-10-12,LOL - World Champs Play-In,LOUD,PSG Talon,under,total_dragons 4.5,37.25%,1.46,2.0,Bet365,,win
2023-10-12,LOL - World Champs Play-In,LOUD,PSG Talon,under,total_towers 12.5,3.34%,1.77,1.83,Bet365,,win
2023-10-12,LOL - World Champs Play-In,LOUD,PSG Talon,under,total_kills 26.5,4.06%,1.76,1.83,Bet365,,loss
2023-10-12,LOL - World Champs Play-In,LOUD,PSG Talon,under,game_duration 33.5,37.07%,1.34,1.83,Bet365,,win
2023-10-12,LOL - World Champs Play-In,LOUD,PSG Talon,under,total_inhibitors 1.5,39.22%,1.88,2.62,Bet365,,win
2023-10-13,LOL - World Champs Play-In,GAM Esports,Movistar R7,under,total_dragons 4.5,0.37%,1.49,1.5,Bet365,,win
2023-10-13,LOL - World Champs Play-In,GAM Esports,Movistar R7,over,total_kills 25.5,34.83%,1.36,1.83,Bet365,,loss
2023-10-13,LOL - World Champs Play-In,GAM Esports,Movistar R7,over,game_duration 29.5,10.34%,1.66,1.83,Bet365,,loss
2023-10-11,2023 World Championship Play-In,CTBC Flying Oyster,DetonatioN FocusMe,FD,first_dragon DetonatioN FocusMe,19.00%,1.7,2.023,Dafabet,,loss
2023-10-11,2023 World Championship Play-In,CTBC Flying Oyster,DetonatioN FocusMe,over,game_duration 30.0,9.32%,1.72,1.882,Dafabet,,win
2023-10-12,LOL - World Champs Play-In,PSG Talon,LOUD,under,game_duration 31.5,3.34%,1.77,1.83,Bet365,,loss
2023-10-12,LOL - World Champs Play-In,Team Whales,CTBC Flying Oyster,under,total_towers 12.5,29.52%,1.21,1.57,Bet365,,win
2023-10-12,LOL - World Champs Play-In,Team Whales,CTBC Flying Oyster,under,total_kills 25.5,4.50%,1.82,1.9,Bet365,,win
2023-10-12,LOL - World Champs Play-In,Team Whales,CTBC Flying Oyster,under,total_inhibitors 1.5,57.50%,1.43,2.25,Bet365,,win
2023-10-13,LOL - World Champs Play-In,Team BDS,DetonatioN FocusMe,under,total_kills 24.5,18.68%,1.54,1.83,Bet365,,win
2023-10-13,LOL - World Champs Play-In,Team BDS,DetonatioN FocusMe,over,game_duration 27.5,17.53%,1.53,1.8,Bet365,,loss
2023-10-13,LOL - World Champs Play-In,Team BDS,DetonatioN FocusMe,under,total_inhibitors 1.5,9.19%,2.06,2.25,Bet365,,win
2023-10-12,LOL - World Champs Play-In,PSG Talon,LOUD,under,total_barons 1.5,1.71%,1.87,1.9,Bet365,,loss
2023-10-13,LOL - World Champs Play-In,Team BDS,DetonatioN FocusMe,under,total_barons 1.5,0.58%,1.52,1.53,Bet365,,win
2023-10-13,LOL - World Champs Play-In,Movistar R7,GAM Esports,over,total_kills 26.5,29.45%,1.41,1.83,Bet365,,loss
2023-10-13,LOL - World Champs Play-In,Team BDS,DetonatioN FocusMe,over,total_dragons 4.5,2.32%,2.69,2.75,Bet365,,loss
2023-10-13,LOL - World Champs Play-In,Team BDS,DetonatioN FocusMe,over,game_duration 28.5,8.72%,1.68,1.83,Bet365,,loss
2023-10-14,LOL - World Champs Play-In,LOUD,GAM Esports,under,total_dragons 4.5,19.04%,1.44,1.72,Bet365,,win
2023-10-14,LOL - World Champs Play-In,LOUD,GAM Esports,under,total_kills 28.5,6.34%,1.69,1.8,Bet365,,loss
2023-10-14,LOL - World Champs Play-In,LOUD,GAM Esports,under,game_duration 32.5,35.81%,1.35,1.83,Bet365,,loss
2023-10-14,LOL - World Champs Play-In,LOUD,GAM Esports,under,total_inhibitors 1.5,9.84%,2.05,2.25,Bet365,,loss
2023-10-14,2023 World Championship Play-In,LOUD,GAM Esports,over,total_kills 26.5,11.23%,1.7,1.887,Dafabet,,win
2023-10-14,2023 World Championship Play-In,LOUD,GAM Esports,under,game_duration 31.0,7.59%,1.78,1.915,Dafabet,,loss
2023-10-14,2023 World Championship Play-In,LOUD,GAM Esports,under,total_barons 1.5,3.70%,1.71,1.771,Dafabet,,loss
2023-10-17,Iberian Cup,Movistar Riders,ZETA,FD,first_dragon ZETA,126.70%,1.0,2.267,Dafabet,,loss
2023-10-14,LOL - World Champs Play-In,CTBC Flying Oyster,Team BDS,over,total_dragons 4.5,31.25%,1.9,2.5,Bet365,https://www.bet365.com/#/AC/B151/C20909288/D19/E18093190/F19/,win
2023-10-14,LOL - World Champs Play-In,CTBC Flying Oyster,Team BDS,under,total_towers 11.5,14.00%,1.67,1.9,Bet365,https://www.bet365.com/#/AC/B151/C20909288/D19/E18093190/F19/,loss
2023-10-14,LOL - World Champs Play-In,CTBC Flying Oyster,Team BDS,over,game_duration 29.5,21.50%,1.48,1.8,Bet365,https://www.bet365.com/#/AC/B151/C20909288/D19/E18093190/F19/,win
2023-10-14,LOL - World Champs Play-In,CTBC Flying Oyster,Team BDS,under,total_inhibitors 1.5,18.13%,1.9,2.25,Bet365,https://www.bet365.com/#/AC/B151/C20909288/D19/E18093190/F19/,loss
2023-10-14,LOL - World Champs Play-In,CTBC Flying Oyster,Team BDS,over,total_barons 1.5,16.88%,2.35,2.75,Bet365,https://www.bet365.com/#/AC/B151/C20909288/D19/E18093190/F19/,win
2023-10-15,LOL - World Champs Play-In,Team Whales,GAM Esports,under,total_dragons 4.5,18.95%,1.54,1.83,Bet365,https://www.bet365.com/#/AC/B151/C20909288/D19/E18100196/F19/,win
2023-10-15,LOL - World Champs Play-In,Team Whales,GAM Esports,under,total_towers 12.5,9.90%,1.43,1.57,Bet365,https://www.bet365.com/#/AC/B151/C20909288/D19/E18100196/F19/,loss
2023-10-15,LOL - World Champs Play-In,Team Whales,GAM Esports,under,total_kills 27.5,5.22%,1.74,1.83,Bet365,https://www.bet365.com/#/AC/B151/C20909288/D19/E18100196/F19/,win
2023-10-15,LOL - World Champs Play-In,Team Whales,GAM Esports,under,game_duration 32.5,28.10%,1.43,1.83,Bet365,https://www.bet365.com/#/AC/B151/C20909288/D19/E18100196/F19/,win
2023-10-15,LOL - World Champs Play-In,Team Whales,GAM Esports,under,total_inhibitors 1.5,35.00%,1.67,2.25,Bet365,https://www.bet365.com/#/AC/B151/C20909288/D19/E18100196/F19/,win
2023-10-15,LOL - World Champs Play-In,PSG Talon,Team BDS,under,total_dragons 4.5,18.47%,1.6,1.9,Bet365,https://www.bet365.com/#/AC/B151/C20909288/D19/E18101209/F19/,loss
2023-10-15,LOL - World Champs Play-In,PSG Talon,Team BDS,under,total_kills 25.5,3.34%,1.77,1.83,Bet365,https://www.bet365.com/#/AC/B151/C20909288/D19/E18101209/F19/,win
2023-10-15,LOL - World Champs Play-In,PSG Talon,Team BDS,under,game_duration 32.5,8.72%,1.68,1.83,Bet365,https://www.bet365.com/#/AC/B151/C20909288/D19/E18101209/F19/,loss
2023-10-15,LOL - World Champs Play-In,PSG Talon,Team BDS,under,total_inhibitors 1.5,15.81%,1.94,2.25,Bet365,https://www.bet365.com/#/AC/B151/C20909288/D19/E18101209/F19/,loss
2023-10-15,2023 World Championship Play-In,GAM Esports,Team Whales,under,total_kills 27.5,6.95%,1.74,1.86,Dafabet,https://esports.e1q1j0ov.com/esportsite/index.html?v=231013200000&id=1032&token=&languageCode=0&liveStream=1&theme=default&streamer=1&streamerLiveStream=1#/,win
2023-10-15,2023 World Championship Play-In,GAM Esports,Team Whales,under,game_duration 31.0,4.69%,1.9,1.994,Dafabet,https://esports.e1q1j0ov.com/esportsite/index.html?v=231013200000&id=1032&token=&languageCode=0&liveStream=1&theme=default&streamer=1&streamerLiveStream=1#/,win
2023-10-15,2023 World Championship Play-In,GAM Esports,Team Whales,under,total_barons 1.5,10.22%,1.67,1.837,Dafabet,https://esports.e1q1j0ov.com/esportsite/index.html?v=231013200000&id=1032&token=&languageCode=0&liveStream=1&theme=default&streamer=1&streamerLiveStream=1#/,win
2023-10-19,LOL - World Champs,Gen.G,GAM Esports,over,total_dragons 3.5,92.50%,1.14,2.2,Bet365,https://www.bet365.com/#/AC/B151/C20902720/D19/E18108568/F19/,loss
2023-10-19,LOL - World Champs,Gen.G,GAM Esports,over,total_towers 10.5,76.00%,1.25,2.2,Bet365,https://www.bet365.com/#/AC/B151/C20902720/D19/E18108568/F19/,loss
2023-10-19,LOL - World Champs,Gen.G,GAM Esports,over,total_kills 22.5,8.75%,1.38,1.5,Bet365,https://www.bet365.com/#/AC/B151/C20902720/D19/E18108568/F19/,win
2023-10-19,LOL - World Champs,Gen.G,GAM Esports,over,game_duration 26.5,60.13%,1.14,1.83,Bet365,https://www.bet365.com/#/AC/B151/C20902720/D19/E18108568/F19/,loss
2023-10-19,LOL - World Champs,Gen.G,GAM Esports,under,total_inhibitors 1.5,14.38%,1.6,1.83,Bet365,https://www.bet365.com/#/AC/B151/C20902720/D19/E18108568/F19/,loss
2023-10-19,LOL - World Champs,Gen.G,GAM Esports,over,total_barons 1.5,102.50%,2.22,4.5,Bet365,https://www.bet365.com/#/AC/B151/C20902720/D19/E18108568/F19/,loss
2023-10-19,LOL - World Champs,NRG,Weibo Gaming,over,total_dragons 3.5,8.68%,1.48,1.61,Bet365,https://www.bet365.com/#/AC/B151/C20902720/D19/E18108569/F19/,win
2023-10-19,LOL - World Champs,NRG,Weibo Gaming,over,total_towers 11.5,57.50%,1.43,2.25,Bet365,https://www.bet365.com/#/AC/B151/C20902720/D19/E18108569/F19/,loss
2023-10-19,LOL - World Champs,NRG,Weibo Gaming,over,total_kills 23.5,23.53%,1.48,1.83,Bet365,https://www.bet365.com/#/AC/B151/C20902720/D19/E18108569/F19/,loss
2023-10-19,LOL - World Champs,NRG,Weibo Gaming,over,game_duration 26.5,28.10%,1.43,1.83,Bet365,https://www.bet365.com/#/AC/B151/C20902720/D19/E18108569/F19/,win
2023-10-19,LOL - World Champs,NRG,Weibo Gaming,over,total_inhibitors 1.5,18.95%,1.54,1.83,Bet365,https://www.bet365.com/#/AC/B151/C20902720/D19/E18108569/F19/,loss
2023-10-19,LOL - World Champs,NRG,Weibo Gaming,over,total_barons 1.5,130.00%,1.74,4.0,Bet365,https://www.bet365.com/#/AC/B151/C20902720/D19/E18108569/F19/,win
2023-10-19,LOL - World Champs,G2 Esports,Dplus KIA,over,total_towers 11.5,8.68%,1.48,1.61,Bet365,https://www.bet365.com/#/AC/B151/C20902720/D19/E18108570/F19/,win
2023-10-19,LOL - World Champs,G2 Esports,Dplus KIA,over,game_duration 30.5,9.80%,1.67,1.83,Bet365,https://www.bet365.com/#/AC/B151/C20902720/D19/E18108570/F19/,win
2023-10-19,LOL - World Champs,G2 Esports,Dplus KIA,under,total_inhibitors 1.5,6.25%,2.35,2.5,Bet365,https://www.bet365.com/#/AC/B151/C20902720/D19/E18108570/F19/,loss
2023-10-19,LOL - World Champs,JD Gaming,Team BDS,over,total_dragons 3.5,80.00%,1.25,2.25,Bet365,https://www.bet365.com/#/AC/B151/C20902720/D19/E18108571/F19/,win
2023-10-19,LOL - World Champs,JD Gaming,Team BDS,over,total_towers 10.5,74.37%,1.29,2.25,Bet365,https://www.bet365.com/#/AC/B151/C20902720/D19/E18108571/F19/,win
2023-10-19,LOL - World Champs,JD Gaming,Team BDS,over,game_duration 26.5,46.40%,1.25,1.83,Bet365,https://www.bet365.com/#/AC/B151/C20902720/D19/E18108571/F19/,win
2023-10-19,LOL - World Champs,JD Gaming,Team BDS,over,total_barons 1.5,40.00%,2.86,4.0,Bet365,https://www.bet365.com/#/AC/B151/C20902720/D19/E18108571/F19/,loss
2023-10-19,LOL - World Champs,T1,Team Liquid,over,total_dragons 3.5,46.40%,1.25,1.83,Bet365,https://www.bet365.com/#/AC/B151/C20902720/D19/E18108572/F19/,win
2023-10-19,LOL - World Champs,T1,Team Liquid,over,total_towers 10.5,70.50%,1.29,2.2,Bet365,https://www.bet365.com/#/AC/B151/C20902720/D19/E18108572/F19/,win
2023-10-19,LOL - World Champs,T1,Team Liquid,over,total_kills 22.5,9.80%,1.67,1.83,Bet365,https://www.bet365.com/#/AC/B151/C20902720/D19/E18108572/F19/,win
2023-10-19,LOL - World Champs,T1,Team Liquid,over,game_duration 26.5,46.40%,1.25,1.83,Bet365,https://www.bet365.com/#/AC/B151/C20902720/D19/E18108572/F19/,win
2023-10-19,LOL - World Champs,T1,Team Liquid,under,total_inhibitors 1.5,5.00%,1.9,2.0,Bet365,https://www.bet365.com/#/AC/B151/C20902720/D19/E18108572/F19/,win
2023-10-19,LOL - World Champs,T1,Team Liquid,over,total_barons 1.5,94.85%,2.22,4.33,Bet365,https://www.bet365.com/#/AC/B151/C20902720/D19/E18108572/F19/,win
2023-10-19,LOL - World Champs,Cloud9,MAD Lions,under,total_dragons 4.5,35.00%,1.67,2.25,Bet365,https://www.bet365.com/#/AC/B151/C20902720/D19/E18108573/F19/,win
2023-10-19,LOL - World Champs,Cloud9,MAD Lions,under,total_towers 12.5,9.80%,1.67,1.83,Bet365,https://www.bet365.com/#/AC/B151/C20902720/D19/E18108573/F19/,loss
2023-10-19,LOL - World Champs,Cloud9,MAD Lions,over,total_kills 26.5,5.22%,1.74,1.83,Bet365,https://www.bet365.com/#/AC/B151/C20902720/D19/E18108573/F19/,loss
2023-10-19,LOL - World Champs,Cloud9,MAD Lions,under,game_duration 31.5,5.22%,1.74,1.83,Bet365,https://www.bet365.com/#/AC/B151/C20902720/D19/E18108573/F19/,win
2023-10-19,LOL - World Champs,Cloud9,MAD Lions,under,total_inhibitors 1.5,25.00%,2.0,2.5,Bet365,https://www.bet365.com/#/AC/B151/C20902720/D19/E18108573/F19/,win
2023-10-19,LOL - World Champs,Cloud9,MAD Lions,under,total_barons 1.5,10.00%,2.0,2.2,Bet365,https://www.bet365.com/#/AC/B151/C20902720/D19/E18108573/F19/,loss
2023-10-19,LOL - World Champs,Bilibili Gaming,KT Rolster,under,total_dragons 4.5,26.00%,1.67,2.1,Bet365,https://www.bet365.com/#/AC/B151/C20902720/D19/E18108574/F19/,loss
2023-10-19,LOL - World Champs,Bilibili Gaming,KT Rolster,under,total_towers 12.5,7.90%,1.54,1.66,Bet365,https://www.bet365.com/#/AC/B151/C20902720/D19/E18108574/F19/,loss
2023-10-19,LOL - World Champs,Bilibili Gaming,KT Rolster,over,total_kills 26.5,5.22%,1.74,1.83,Bet365,https://www.bet365.com/#/AC/B151/C20902720/D19/E18108574/F19/,win
2023-10-19,LOL - World Champs,Bilibili Gaming,KT Rolster,over,game_duration 30.5,5.22%,1.74,1.83,Bet365,https://www.bet365.com/#/AC/B151/C20902720/D19/E18108574/F19/,win
2023-10-19,LOL - World Champs,Bilibili Gaming,KT Rolster,under,total_inhibitors 1.5,42.20%,1.67,2.37,Bet365,https://www.bet365.com/#/AC/B151/C20902720/D19/E18108574/F19/,loss
2023-10-19,LOL - World Champs,Bilibili Gaming,KT Rolster,under,total_barons 1.5,14.00%,1.67,1.9,Bet365,https://www.bet365.com/#/AC/B151/C20902720/D19/E18108574/F19/,loss
2023-10-19,LOL - World Champs,Fnatic,LNG Esports,over,total_dragons 3.5,17.75%,1.33,1.57,Bet365,https://www.bet365.com/#/AC/B151/C20902720/D19/E18108575/F19/,win
2023-10-19,LOL - World Champs,Fnatic,LNG Esports,over,total_towers 11.5,6.87%,2.11,2.25,Bet365,https://www.bet365.com/#/AC/B151/C20902720/D19/E18108575/F19/,win
2023-10-19,LOL - World Champs,Fnatic,LNG Esports,over,game_duration 28.5,14.38%,1.6,1.83,Bet365,https://www.bet365.com/#/AC/B151/C20902720/D19/E18108575/F19/,win
2023-10-19,LOL - World Champs,Fnatic,LNG Esports,under,total_inhibitors 1.5,14.38%,1.6,1.83,Bet365,https://www.bet365.com/#/AC/B151/C20902720/D19/E18108575/F19/,win
2023-10-19,LOL - World Champs,Fnatic,LNG Esports,over,total_barons 1.5,12.50%,3.33,3.75,Bet365,https://www.bet365.com/#/AC/B151/C20902720/D19/E18108575/F19/,win
2023-10-19,2023 World Championship,T1,Team Liquid,FD,first_dragon Team Liquid,88.02%,1.43,2.686,Dafabet,https://esports.e1q1j0ov.com/esportsite/index.html?v=231015200000&id=1032&token=&languageCode=0&liveStream=1&theme=default&streamer=1&streamerLiveStream=1#/,loss
2023-10-19,2023 World Championship,T1,Team Liquid,over,game_duration 27.0,45.44%,1.25,1.818,Dafabet,https://esports.e1q1j0ov.com/esportsite/index.html?v=231015200000&id=1032&token=&languageCode=0&liveStream=1&theme=default&streamer=1&streamerLiveStream=1#/,win
2023-10-19,2023 World Championship,T1,Team Liquid,over,total_barons 1.5,31.17%,2.22,2.915,Dafabet,https://esports.e1q1j0ov.com/esportsite/index.html?v=231015200000&id=1032&token=&languageCode=0&liveStream=1&theme=default&streamer=1&streamerLiveStream=1#/,win
2023-10-19,2023 World Championship,JD Gaming,Team BDS,FD,first_dragon Team BDS,52.02%,1.82,2.764,Dafabet,https://esports.e1q1j0ov.com/esportsite/index.html?v=231016200000&id=1032&token=&languageCode=0&liveStream=1&theme=default&streamer=1&streamerLiveStream=1#/,win
2023-10-19,2023 World Championship,JD Gaming,Team BDS,over,game_duration 27.0,46.74%,1.38,2.024,Dafabet,https://esports.e1q1j0ov.com/esportsite/index.html?v=231016200000&id=1032&token=&languageCode=0&liveStream=1&theme=default&streamer=1&streamerLiveStream=1#/,win
2023-10-19,2023 World Championship,JD Gaming,Team BDS,over,total_barons 1.5,19.35%,2.86,3.41,Dafabet,https://esports.e1q1j0ov.com/esportsite/index.html?v=231016200000&id=1032&token=&languageCode=0&liveStream=1&theme=default&streamer=1&streamerLiveStream=1#/,loss
2023-10-19,2023 World Championship,Dplus KIA,G2 Esports,over,game_duration 30.0,17.31%,1.6,1.877,Dafabet,https://esports.e1q1j0ov.com/esportsite/index.html?v=231016200000&id=1032&token=&languageCode=0&liveStream=1&theme=default&streamer=1&streamerLiveStream=1#/,win
2023-10-19,2023 World Championship,Dplus KIA,G2 Esports,over,total_barons 1.5,12.15%,2.0,2.243,Dafabet,https://esports.e1q1j0ov.com/esportsite/index.html?v=231016200000&id=1032&token=&languageCode=0&liveStream=1&theme=default&streamer=1&streamerLiveStream=1#/,win
2023-10-19,2023 World Championship,LNG Esports,Fnatic,FD,first_dragon Fnatic,6.15%,2.0,2.123,Dafabet,https://esports.e1q1j0ov.com/esportsite/index.html?v=231016200000&id=1032&token=&languageCode=0&liveStream=1&theme=default&streamer=1&streamerLiveStream=1#/,win
2023-10-19,2023 World Championship,LNG Esports,Fnatic,over,game_duration 29.0,7.70%,1.67,1.795,Dafabet,https://esports.e1q1j0ov.com/esportsite/index.html?v=231016200000&id=1032&token=&languageCode=0&liveStream=1&theme=default&streamer=1&streamerLiveStream=1#/,win
2023-10-19,2023 World Championship,KT Rolster,Bilibili Gaming,over,total_kills 25.5,22.12%,1.6,1.954,Dafabet,https://esports.e1q1j0ov.com/esportsite/index.html?v=231016200000&id=1032&token=&languageCode=0&liveStream=1&theme=default&streamer=1&streamerLiveStream=1#/,win
2023-10-19,2023 World Championship,KT Rolster,Bilibili Gaming,under,game_duration 31.0,14.88%,1.74,1.998,Dafabet,https://esports.e1q1j0ov.com/esportsite/index.html?v=231016200000&id=1032&token=&languageCode=0&liveStream=1&theme=default&streamer=1&streamerLiveStream=1#/,loss
2023-10-24,Iberian Cup,Finetwork KOI,BWE Esports,FD,first_dragon Finetwork KOI,10.39%,1.43,1.577,Dafabet,https://esports.e1q1j0ov.com/esportsite/index.html?v=231016200000&id=1032&token=&languageCode=0&liveStream=1&theme=default&streamer=1&streamerLiveStream=1#/,loss
2023-10-25,Iberian Cup,Rebels Gaming,White Dragons,FD,first_dragon White Dragons,38.51%,1.54,2.131,Dafabet,https://esports.e1q1j0ov.com/esportsite/index.html?v=231016200000&id=1032&token=&languageCode=0&liveStream=1&theme=default&streamer=1&streamerLiveStream=1#/,loss
2023-10-18,Iberian Cup,Bar√ßa eSports,Case Esports,FD,first_dragon Case Esports,99.40%,1.0,1.994,Dafabet,https://esports.e1q1j0ov.com/esportsite/index.html?v=231016200000&id=1032&token=&languageCode=0&liveStream=1&theme=default&streamer=1&streamerLiveStream=1#/,win
2023-10-20,LOL - World Champs,G2 Esports,Weibo Gaming,under,total_dragons 4.5,16.10%,1.48,1.72,Bet365,https://www.bet365.com/#/AC/B151/C20902720/D19/E18143413/F19/,loss
2023-10-20,LOL - World Champs,G2 Esports,Weibo Gaming,under,game_duration 31.5,23.53%,1.48,1.83,Bet365,https://www.bet365.com/#/AC/B151/C20902720/D19/E18143413/F19/,loss
2023-10-20,LOL - World Champs,G2 Esports,Weibo Gaming,under,total_barons 1.5,31.25%,1.6,2.1,Bet365,https://www.bet365.com/#/AC/B151/C20902720/D19/E18143413/F19/,loss
2023-10-20,LOL - World Champs,JD Gaming,Bilibili Gaming,under,total_dragons 4.5,24.50%,1.33,1.66,Bet365,https://www.bet365.com/#/AC/B151/C20902720/D19/E18143414/F19/,win
2023-10-20,LOL - World Champs,JD Gaming,Bilibili Gaming,under,total_towers 12.5,39.50%,1.29,1.8,Bet365,https://www.bet365.com/#/AC/B151/C20902720/D19/E18143414/F19/,win
2023-10-20,LOL - World Champs,JD Gaming,Bilibili Gaming,under,game_duration 30.5,9.80%,1.67,1.83,Bet365,https://www.bet365.com/#/AC/B151/C20902720/D19/E18143414/F19/,win
2023-10-20,LOL - World Champs,JD Gaming,Bilibili Gaming,under,total_inhibitors 1.5,41.75%,1.48,2.1,Bet365,https://www.bet365.com/#/AC/B151/C20902720/D19/E18143414/F19/,loss
2023-10-20,LOL - World Champs,JD Gaming,Bilibili Gaming,under,total_barons 1.5,26.00%,1.43,1.8,Bet365,https://www.bet365.com/#/AC/B151/C20902720/D19/E18143414/F19/,win
2023-10-20,LOL - World Champs,Gen.G,T1,under,total_dragons 4.5,12.05%,1.48,1.66,Bet365,https://www.bet365.com/#/AC/B151/C20918935/D19/E18140958/F19/,loss
2023-10-20,LOL - World Champs,Gen.G,T1,under,total_kills 30.5,41.83%,1.29,1.83,Bet365,https://www.bet365.com/#/AC/B151/C20918935/D19/E18140958/F19/,win
2023-10-20,LOL - World Champs,Gen.G,T1,under,game_duration 31.5,14.38%,1.6,1.83,Bet365,https://www.bet365.com/#/AC/B151/C20918935/D19/E18140958/F19/,win
2023-10-20,LOL - World Champs,Gen.G,T1,under,total_inhibitors 1.5,46.25%,1.54,2.25,Bet365,https://www.bet365.com/#/AC/B151/C20918935/D19/E18140958/F19/,win
2023-10-20,LOL - World Champs,NRG,Team Liquid,under,total_towers 12.5,10.00%,1.82,2.0,Bet365,https://www.bet365.com/#/AC/B151/C20902720/D19/E18143417/F19/,win
2023-10-20,LOL - World Champs,NRG,Team Liquid,under,total_kills 26.5,5.22%,1.74,1.83,Bet365,https://www.bet365.com/#/AC/B151/C20902720/D19/E18143417/F19/,win
2023-10-20,LOL - World Champs,NRG,Team Liquid,over,total_barons 1.5,5.98%,1.48,1.57,Bet365,https://www.bet365.com/#/AC/B151/C20902720/D19/E18143417/F19/,loss
2023-10-20,LOL - World Champs,KT Rolster,Dplus KIA,over,game_duration 31.5,5.22%,1.74,1.83,Bet365,https://www.bet365.com/#/AC/B151/C20902720/D19/E18143419/F19/,win
2023-10-20,LOL - World Champs,MAD Lions,Team BDS,under,total_dragons 4.5,23.53%,1.48,1.83,Bet365,https://www.bet365.com/#/AC/B151/C20902720/D19/E18143420/F19/,loss
2023-10-20,LOL - World Champs,MAD Lions,Team BDS,under,total_towers 12.5,16.25%,1.72,2.0,Bet365,https://www.bet365.com/#/AC/B151/C20902720/D19/E18143420/F19/,win
2023-10-20,LOL - World Champs,MAD Lions,Team BDS,under,total_kills 27.5,10.94%,1.65,1.83,Bet365,https://www.bet365.com/#/AC/B151/C20902720/D19/E18143420/F19/,win
2023-10-20,LOL - World Champs,MAD Lions,Team BDS,under,game_duration 31.5,11.62%,1.7,1.9,Bet365,https://www.bet365.com/#/AC/B151/C20902720/D19/E18143420/F19/,loss
2023-10-20,LOL - World Champs,MAD Lions,Team BDS,under,total_inhibitors 1.5,27.97%,1.76,2.25,Bet365,https://www.bet365.com/#/AC/B151/C20902720/D19/E18143420/F19/,win
2023-10-20,LOL - World Champs,MAD Lions,Team BDS,under,total_barons 1.5,22.50%,1.63,2.0,Bet365,https://www.bet365.com/#/AC/B151/C20902720/D19/E18143420/F19/,loss
2023-10-20,LOL - World Champs,Fnatic,GAM Esports,under,total_dragons 4.5,8.75%,1.38,1.5,Bet365,https://www.bet365.com/#/AC/B151/C20902720/D19/E18143421/F19/,win
2023-10-20,LOL - World Champs,Fnatic,GAM Esports,over,total_kills 26.5,30.00%,1.54,2.0,Bet365,https://www.bet365.com/#/AC/B151/C20902720/D19/E18143421/F19/,loss
2023-10-20,LOL - World Champs,Fnatic,GAM Esports,over,game_duration 28.5,5.22%,1.74,1.83,Bet365,https://www.bet365.com/#/AC/B151/C20902720/D19/E18143421/F19/,loss
2023-10-20,LOL - World Champs,Fnatic,GAM Esports,under,total_inhibitors 1.5,15.50%,1.82,2.1,Bet365,https://www.bet365.com/#/AC/B151/C20902720/D19/E18143421/F19/,win
2023-10-20,LOL - World Champs,Fnatic,GAM Esports,under,total_barons 1.5,5.98%,1.48,1.57,Bet365,https://www.bet365.com/#/AC/B151/C20902720/D19/E18143421/F19/,win
2023-10-20,2023 World Championship,Team BDS,MAD Lions,under,total_kills 25.5,5.27%,1.82,1.914,Dafabet,https://esports.e1q1j0ov.com/esportsite/index.html?v=231018200000&id=1032&token=&languageCode=0&liveStream=1&theme=default&streamer=1&streamerLiveStream=1#/,loss
2023-10-20,2023 World Championship,Team BDS,MAD Lions,under,game_duration 31.0,15.14%,1.8,2.07,Dafabet,https://esports.e1q1j0ov.com/esportsite/index.html?v=231018200000&id=1032&token=&languageCode=0&liveStream=1&theme=default&streamer=1&streamerLiveStream=1#/,loss
2023-10-20,2023 World Championship,Team BDS,MAD Lions,under,total_barons 1.5,8.41%,1.63,1.77,Dafabet,https://esports.e1q1j0ov.com/esportsite/index.html?v=231018200000&id=1032&token=&languageCode=0&liveStream=1&theme=default&streamer=1&streamerLiveStream=1#/,loss
2023-10-20,2023 World Championship,Fnatic,GAM Esports,over,total_kills 26.5,20.51%,1.54,1.854,Dafabet,https://esports.e1q1j0ov.com/esportsite/index.html?v=231018200000&id=1032&token=&languageCode=0&liveStream=1&theme=default&streamer=1&streamerLiveStream=1#/,loss
2023-10-20,2023 World Championship,Fnatic,GAM Esports,under,game_duration 31.0,11.81%,1.6,1.789,Dafabet,https://esports.e1q1j0ov.com/esportsite/index.html?v=231018200000&id=1032&token=&languageCode=0&liveStream=1&theme=default&streamer=1&streamerLiveStream=1#/,win
2023-10-20,2023 World Championship,Fnatic,GAM Esports,under,total_barons 1.5,13.20%,1.48,1.677,Dafabet,https://esports.e1q1j0ov.com/esportsite/index.html?v=231018200000&id=1032&token=&languageCode=0&liveStream=1&theme=default&streamer=1&streamerLiveStream=1#/,win
2023-10-20,2023 World Championship,Weibo Gaming,G2 Esports,under,game_duration 32.0,28.66%,1.43,1.838,Dafabet,https://esports.e1q1j0ov.com/esportsite/index.html?v=231018200000&id=1032&token=&languageCode=0&liveStream=1&theme=default&streamer=1&streamerLiveStream=1#/,loss
2023-10-20,2023 World Championship,Weibo Gaming,G2 Esports,under,total_barons 1.5,18.81%,1.6,1.901,Dafabet,https://esports.e1q1j0ov.com/esportsite/index.html?v=231018200000&id=1032&token=&languageCode=0&liveStream=1&theme=default&streamer=1&streamerLiveStream=1#/,loss
2023-10-20,2023 World Championship,JD Gaming,Bilibili Gaming,over,total_kills 26.5,8.16%,1.74,1.881,Dafabet,https://esports.e1q1j0ov.com/esportsite/index.html?v=231018200000&id=1032&token=&languageCode=0&liveStream=1&theme=default&streamer=1&streamerLiveStream=1#/,loss
2023-10-20,2023 World Championship,JD Gaming,Bilibili Gaming,under,game_duration 30.0,19.14%,1.74,2.072,Dafabet,https://esports.e1q1j0ov.com/esportsite/index.html?v=231018200000&id=1032&token=&languageCode=0&liveStream=1&theme=default&streamer=1&streamerLiveStream=1#/,win
2023-10-20,2023 World Championship,JD Gaming,Bilibili Gaming,under,total_barons 1.5,30.83%,1.43,1.869,Dafabet,https://esports.e1q1j0ov.com/esportsite/index.html?v=231018200000&id=1032&token=&languageCode=0&liveStream=1&theme=default&streamer=1&streamerLiveStream=1#/,win
2023-10-31,Iberian Cup,Movistar Riders,Kawaii Kiwis,FD,first_dragon Kawaii Kiwis,66.75%,1.36,2.263,Dafabet,https://esports.e1q1j0ov.com/esportsite/index.html?v=231018200000&id=1032&token=&languageCode=0&liveStream=1&theme=default&streamer=1&streamerLiveStream=1#/,loss
2023-10-21,2023 World Championship,JD Gaming,LNG Esports,under,total_kills 26.5,29.78%,1.43,1.854,Dafabet,https://esports.e1q1j0ov.com/esportsite/index.html?v=231020012015&id=1032&token=&languageCode=0&liveStream=1&theme=default&streamer=1&streamerLiveStream=1#/,win
2023-10-21,2023 World Championship,JD Gaming,LNG Esports,under,game_duration 31.0,47.98%,1.33,1.973,Dafabet,https://esports.e1q1j0ov.com/esportsite/index.html?v=231020012015&id=1032&token=&languageCode=0&liveStream=1&theme=default&streamer=1&streamerLiveStream=1#/,win
2023-10-21,2023 World Championship,JD Gaming,LNG Esports,under,total_barons 1.5,29.85%,1.43,1.855,Dafabet,https://esports.e1q1j0ov.com/esportsite/index.html?v=231020012015&id=1032&token=&languageCode=0&liveStream=1&theme=default&streamer=1&streamerLiveStream=1#/,win
2023-10-22,2023 World Championship,Bilibili Gaming,Fnatic,over,total_kills 26.5,27.33%,1.43,1.819,Dafabet,https://esports.e1q1j0ov.com/esportsite/index.html?v=231020012015&id=1032&token=&languageCode=0&liveStream=1&theme=default&streamer=1&streamerLiveStream=1#/,loss
2023-10-22,2023 World Championship,Bilibili Gaming,Fnatic,under,game_duration 31.0,23.38%,1.6,1.974,Dafabet,https://esports.e1q1j0ov.com/esportsite/index.html?v=231020012015&id=1032&token=&languageCode=0&liveStream=1&theme=default&streamer=1&streamerLiveStream=1#/,loss
2023-10-22,2023 World Championship,Bilibili Gaming,Fnatic,under,total_barons 1.5,16.56%,1.6,1.865,Dafabet,https://esports.e1q1j0ov.com/esportsite/index.html?v=231020012015&id=1032&token=&languageCode=0&liveStream=1&theme=default&streamer=1&streamerLiveStream=1#/,win
2023-10-22,2023 World Championship,KT Rolster,Weibo Gaming,under,total_kills 25.5,6.55%,1.74,1.853,Dafabet,https://esports.e1q1j0ov.com/esportsite/index.html?v=231020012015&id=1032&token=&languageCode=0&liveStream=1&theme=default&streamer=1&streamerLiveStream=1#/,loss
2023-10-22,2023 World Championship,KT Rolster,Weibo Gaming,under,game_duration 32.0,17.44%,1.6,1.879,Dafabet,https://esports.e1q1j0ov.com/esportsite/index.html?v=231020012015&id=1032&token=&languageCode=0&liveStream=1&theme=default&streamer=1&streamerLiveStream=1#/,loss
2023-10-22,2023 World Championship,KT Rolster,Weibo Gaming,under,total_barons 1.5,7.47%,1.74,1.869,Dafabet,https://esports.e1q1j0ov.com/esportsite/index.html?v=231020012015&id=1032&token=&languageCode=0&liveStream=1&theme=default&streamer=1&streamerLiveStream=1#/,loss
2023-10-23,2023 World Championship,Dplus KIA,Team BDS,under,total_kills 24.5,8.30%,1.82,1.969,Dafabet,https://esports.e1q1j0ov.com/esportsite/index.html?v=231020012015&id=1032&token=&languageCode=0&liveStream=1&theme=default&streamer=1&streamerLiveStream=1#/,win
2023-10-23,2023 World Championship,Dplus KIA,Team BDS,FD,first_dragon Team BDS,31.82%,1.67,2.197,Dafabet,https://esports.e1q1j0ov.com/esportsite/index.html?v=231020012015&id=1032&token=&languageCode=0&liveStream=1&theme=default&streamer=1&streamerLiveStream=1#/,win
2023-10-23,2023 World Championship,Dplus KIA,Team BDS,over,game_duration 31.0,27.27%,1.54,1.958,Dafabet,https://esports.e1q1j0ov.com/esportsite/index.html?v=231020012015&id=1032&token=&languageCode=0&liveStream=1&theme=default&streamer=1&streamerLiveStream=1#/,loss
2023-10-23,2023 World Championship,Dplus KIA,Team BDS,over,total_barons 1.5,12.59%,1.82,2.047,Dafabet,https://esports.e1q1j0ov.com/esportsite/index.html?v=231020012015&id=1032&token=&languageCode=0&liveStream=1&theme=default&streamer=1&streamerLiveStream=1#/,loss
2023-10-23,2023 World Championship,Team Liquid,GAM Esports,under,total_kills 26.5,13.34%,1.67,1.889,Dafabet,https://esports.e1q1j0ov.com/esportsite/index.html?v=231020012015&id=1032&token=&languageCode=0&liveStream=1&theme=default&streamer=1&streamerLiveStream=1#/,win
2023-10-23,2023 World Championship,Team Liquid,GAM Esports,FD,first_dragon Team Liquid,24.13%,1.33,1.655,Dafabet,https://esports.e1q1j0ov.com/esportsite/index.html?v=231020012015&id=1032&token=&languageCode=0&liveStream=1&theme=default&streamer=1&streamerLiveStream=1#/,win
2023-10-23,2023 World Championship,Team Liquid,GAM Esports,under,total_barons 1.5,12.14%,1.67,1.869,Dafabet,https://esports.e1q1j0ov.com/esportsite/index.html?v=231020012015&id=1032&token=&languageCode=0&liveStream=1&theme=default&streamer=1&streamerLiveStream=1#/,win
2023-10-21,LOL - World Champs,JD Gaming,LNG Esports,under,total_dragons 4.5,24.78%,1.29,1.61,Bet365,https://www.bet365.com/#/AC/B151/C20902720/D19/E18151442/F19/,win
2023-10-21,LOL - World Champs,JD Gaming,LNG Esports,under,total_towers 12.5,16.20%,1.43,1.66,Bet365,https://www.bet365.com/#/AC/B151/C20902720/D19/E18151442/F19/,win
2023-10-21,LOL - World Champs,JD Gaming,LNG Esports,under,total_kills 24.5,18.95%,1.54,1.83,Bet365,https://www.bet365.com/#/AC/B151/C20902720/D19/E18151442/F19/,win
2023-10-21,LOL - World Champs,JD Gaming,LNG Esports,under,game_duration 30.5,23.53%,1.48,1.83,Bet365,https://www.bet365.com/#/AC/B151/C20902720/D19/E18151442/F19/,win
2023-10-21,LOL - World Champs,JD Gaming,LNG Esports,under,total_inhibitors 1.5,23.50%,1.54,1.9,Bet365,https://www.bet365.com/#/AC/B151/C20902720/D19/E18151442/F19/,win
2023-10-21,LOL - World Champs,JD Gaming,LNG Esports,under,total_barons 1.5,26.00%,1.43,1.8,Bet365,https://www.bet365.com/#/AC/B151/C20902720/D19/E18151442/F19/,win
2023-10-21,LOL - World Champs,G2 Esports,Gen.G,over,total_towers 12.5,5.00%,2.0,2.1,Bet365,https://www.bet365.com/#/AC/B151/C20902720/D19/E18151441/F19/,win
2023-10-21,LOL - World Champs,G2 Esports,Gen.G,over,total_kills 25.5,14.38%,1.6,1.83,Bet365,https://www.bet365.com/#/AC/B151/C20902720/D19/E18151441/F19/,loss
2023-10-21,LOL - World Champs,G2 Esports,Gen.G,over,game_duration 29.5,9.80%,1.67,1.83,Bet365,https://www.bet365.com/#/AC/B151/C20902720/D19/E18151441/F19/,win
2023-10-22,LOL - World Champs,T1,Cloud9,over,total_dragons 3.5,22.50%,1.14,1.4,Bet365,https://www.bet365.com/#/AC/B151/C20902720/D19/E18151444/F19/,loss
2023-10-22,LOL - World Champs,T1,Cloud9,over,total_kills 23.5,8.00%,1.67,1.8,Bet365,https://www.bet365.com/#/AC/B151/C20902720/D19/E18151444/F19/,loss
2023-10-22,LOL - World Champs,T1,Cloud9,under,total_inhibitors 1.5,9.25%,1.74,1.9,Bet365,https://www.bet365.com/#/AC/B151/C20902720/D19/E18151444/F19/,loss
2023-10-22,LOL - World Champs,T1,Cloud9,over,total_barons 1.5,37.50%,2.0,2.75,Bet365,https://www.bet365.com/#/AC/B151/C20902720/D19/E18151444/F19/,loss
2023-10-22,LOL - World Champs,NRG,MAD Lions,under,total_towers 12.5,14.26%,1.84,2.1,Bet365,https://www.bet365.com/#/AC/B151/C20902720/D19/E18151443/F19/,loss
2023-10-22,LOL - World Champs,NRG,MAD Lions,over,total_kills 24.5,23.26%,1.48,1.83,Bet365,https://www.bet365.com/#/AC/B151/C20902720/D19/E18151443/F19/,win
2023-10-22,LOL - World Champs,NRG,MAD Lions,under,game_duration 32.5,6.57%,1.72,1.83,Bet365,https://www.bet365.com/#/AC/B151/C20902720/D19/E18151443/F19/,loss
2023-10-22,LOL - World Champs,NRG,MAD Lions,under,total_inhibitors 1.5,5.06%,1.81,1.9,Bet365,https://www.bet365.com/#/AC/B151/C20902720/D19/E18151443/F19/,loss
2023-10-22,LOL - World Champs,Bilibili Gaming,Fnatic,over,total_dragons 3.5,5.00%,1.33,1.4,Bet365,https://www.bet365.com/#/AC/B151/C20902720/D19/E18151446/F19/,win
2023-10-22,LOL - World Champs,Bilibili Gaming,Fnatic,under,total_towers 11.5,10.00%,1.82,2.0,Bet365,https://www.bet365.com/#/AC/B151/C20902720/D19/E18151446/F19/,loss
2023-10-22,LOL - World Champs,Bilibili Gaming,Fnatic,over,total_kills 25.5,32.68%,1.38,1.83,Bet365,https://www.bet365.com/#/AC/B151/C20902720/D19/E18151446/F19/,loss
2023-10-22,LOL - World Champs,Bilibili Gaming,Fnatic,under,game_duration 30.5,5.22%,1.74,1.83,Bet365,https://www.bet365.com/#/AC/B151/C20902720/D19/E18151446/F19/,loss
2023-10-22,LOL - World Champs,Bilibili Gaming,Fnatic,under,total_inhibitors 1.5,18.75%,1.6,1.9,Bet365,https://www.bet365.com/#/AC/B151/C20902720/D19/E18151446/F19/,loss
2023-10-22,LOL - World Champs,KT Rolster,Weibo Gaming,under,game_duration 31.5,14.38%,1.6,1.83,Bet365,https://www.bet365.com/#/AC/B151/C20902720/D19/E18151445/F19/,loss
2023-10-22,LOL - World Champs,KT Rolster,Weibo Gaming,under,total_barons 1.5,15.00%,1.74,2.0,Bet365,https://www.bet365.com/#/AC/B151/C20902720/D19/E18151445/F19/,loss
2023-10-23,LOL - World Champs,GAM Esports,Team Liquid,under,total_kills 27.5,14.38%,1.6,1.83,Bet365,https://www.bet365.com/#/AC/B151/C20902720/D19/E18151448/F19/,win
2023-10-23,LOL - World Champs,Dplus KIA,Team BDS,over,total_dragons 3.5,15.60%,1.18,1.36,Bet365,https://www.bet365.com/#/AC/B151/C20902720/D19/E18151447/F19/,loss
2023-10-23,LOL - World Champs,Dplus KIA,Team BDS,over,total_towers 11.5,11.80%,1.54,1.72,Bet365,https://www.bet365.com/#/AC/B151/C20902720/D19/E18151447/F19/,win
2023-10-23,LOL - World Champs,Dplus KIA,Team BDS,over,game_duration 30.5,18.95%,1.54,1.83,Bet365,https://www.bet365.com/#/AC/B151/C20902720/D19/E18151447/F19/,loss
2023-10-23,LOL - World Champs,Dplus KIA,Team BDS,over,total_barons 1.5,51.25%,1.82,2.75,Bet365,https://www.bet365.com/#/AC/B151/C20902720/D19/E18151447/F19/,loss
2023-10-22,LOL - World Champs,T1,Cloud9,over,total_dragons 4.5,42.50%,2.11,3.0,Bet365,https://www.bet365.com/#/AC/B151/C20902720/D19/E18151444/F19/,loss
2023-10-22,LOL - World Champs,T1,Cloud9,over,game_duration 29.5,28.10%,1.43,1.83,Bet365,https://www.bet365.com/#/AC/B151/C20902720/D19/E18151444/F19/,loss
2023-10-22,LOL - World Champs,NRG,MAD Lions,under,total_dragons 4.5,24.41%,1.81,2.25,Bet365,https://www.bet365.com/#/AC/B151/C20902720/D19/E18151443/F19/,loss
2023-10-22,LOL - World Champs,KT Rolster,Weibo Gaming,over,total_towers 12.5,5.22%,1.74,1.83,Bet365,https://www.bet365.com/#/AC/B151/C20902720/D19/E18151445/F19/,loss
2023-10-23,LOL - World Champs,Dplus KIA,Team BDS,over,total_dragons 4.5,50.00%,2.0,3.0,Bet365,https://www.bet365.com/#/AC/B151/C20902720/D19/E18151447/F19/,loss
2023-10-23,LOL - World Champs,GAM Esports,Team Liquid,under,game_duration 31.5,9.80%,1.67,1.83,Bet365,https://www.bet365.com/#/AC/B151/C20902720/D19/E18151448/F19/,win
2023-10-23,LOL - World Champs,Dplus KIA,Team BDS,over,game_duration 31.5,18.95%,1.54,1.83,Bet365,https://www.bet365.com/#/AC/B151/C20902720/D19/E18151447/F19/,loss
2023-10-23,2023 World Championship,Dplus KIA,Team BDS,under,total_kills 23.5,7.57%,1.9,2.049,Dafabet,https://esports.e1q1j0ov.com/esportsite/index.html?v=231021200000&id=1032&token=&languageCode=0&liveStream=1&theme=default&streamer=1&streamerLiveStream=1#/,loss
2023-10-26,LOL - World Champs,Cloud9,Fnatic,under,total_dragons 4.5,14.38%,1.6,1.83,Bet365,https://www.bet365.com/#/AC/B151/C20902720/D19/E18173509/F19/,loss
2023-10-26,LOL - World Champs,Cloud9,Fnatic,under,total_towers 12.5,12.50%,1.6,1.8,Bet365,https://www.bet365.com/#/AC/B151/C20902720/D19/E18173509/F19/,win
2023-10-26,LOL - World Champs,Cloud9,Fnatic,over,total_kills 25.5,5.22%,1.74,1.83,Bet365,https://www.bet365.com/#/AC/B151/C20902720/D19/E18173509/F19/,win
2023-10-26,LOL - World Champs,Cloud9,Fnatic,under,game_duration 32.5,23.53%,1.48,1.83,Bet365,https://www.bet365.com/#/AC/B151/C20902720/D19/E18173509/F19/,loss
2023-10-26,LOL - World Champs,Cloud9,Fnatic,under,total_barons 1.5,15.00%,1.74,2.0,Bet365,https://www.bet365.com/#/AC/B151/C20902720/D19/E18173509/F19/,loss
2023-10-26,LOL - World Champs,MAD Lions,Weibo Gaming,over,total_towers 11.5,26.67%,1.58,2.0,Bet365,https://www.bet365.com/#/AC/B151/C20902720/D19/E18173511/F19/,win
2023-10-26,LOL - World Champs,MAD Lions,Weibo Gaming,over,total_kills 24.5,15.90%,1.58,1.83,Bet365,https://www.bet365.com/#/AC/B151/C20902720/D19/E18173511/F19/,win
2023-10-26,LOL - World Champs,MAD Lions,Weibo Gaming,under,total_inhibitors 1.5,10.83%,1.71,1.9,Bet365,https://www.bet365.com/#/AC/B151/C20902720/D19/E18173511/F19/,win
2023-10-26,LOL - World Champs,MAD Lions,Weibo Gaming,over,total_barons 1.5,22.99%,2.24,2.75,Bet365,https://www.bet365.com/#/AC/B151/C20902720/D19/E18173511/F19/,loss
2023-10-27,LOL - World Champs,Dplus KIA,GAM Esports,over,total_dragons 3.5,35.00%,1.33,1.8,Bet365,https://www.bet365.com/#/AC/B151/C20902720/D19/E18173510/F19/,win
2023-10-27,LOL - World Champs,Dplus KIA,GAM Esports,over,total_towers 11.5,26.00%,1.67,2.1,Bet365,https://www.bet365.com/#/AC/B151/C20902720/D19/E18173510/F19/,loss
2023-10-27,LOL - World Champs,Dplus KIA,GAM Esports,over,total_kills 22.5,28.10%,1.43,1.83,Bet365,https://www.bet365.com/#/AC/B151/C20902720/D19/E18173510/F19/,loss
2023-10-27,LOL - World Champs,Dplus KIA,GAM Esports,over,game_duration 27.5,28.10%,1.43,1.83,Bet365,https://www.bet365.com/#/AC/B151/C20902720/D19/E18173510/F19/,loss
2023-10-27,LOL - World Champs,Dplus KIA,GAM Esports,over,total_barons 1.5,68.75%,2.22,3.75,Bet365,https://www.bet365.com/#/AC/B151/C20902720/D19/E18173510/F19/,loss
2023-10-27,LOL - World Champs,KT Rolster,LNG Esports,under,total_kills 24.5,23.53%,1.48,1.83,Bet365,https://www.bet365.com/#/AC/B151/C20902720/D19/E18173512/F19/,win
2023-10-27,LOL - World Champs,KT Rolster,LNG Esports,under,game_duration 31.5,18.95%,1.54,1.83,Bet365,https://www.bet365.com/#/AC/B151/C20902720/D19/E18173512/F19/,loss
2023-10-27,LOL - World Champs,KT Rolster,LNG Esports,under,total_inhibitors 1.5,18.75%,1.6,1.9,Bet365,https://www.bet365.com/#/AC/B151/C20902720/D19/E18173512/F19/,loss
2023-10-28,LOL - World Champs,NRG,G2 Esports,over,total_dragons 4.5,12.50%,2.0,2.25,Bet365,https://www.bet365.com/#/AC/B151/C20902720/D19/E18173514/F19/,loss
2023-10-28,LOL - World Champs,NRG,G2 Esports,over,total_towers 12.5,23.75%,1.82,2.25,Bet365,https://www.bet365.com/#/AC/B151/C20902720/D19/E18173514/F19/,loss
2023-10-28,LOL - World Champs,NRG,G2 Esports,over,total_kills 25.5,18.95%,1.54,1.83,Bet365,https://www.bet365.com/#/AC/B151/C20902720/D19/E18173514/F19/,win
2023-10-28,LOL - World Champs,NRG,G2 Esports,over,game_duration 29.5,18.95%,1.54,1.83,Bet365,https://www.bet365.com/#/AC/B151/C20902720/D19/E18173514/F19/,win
2023-10-28,LOL - World Champs,NRG,G2 Esports,over,total_barons 1.5,36.27%,1.74,2.37,Bet365,https://www.bet365.com/#/AC/B151/C20902720/D19/E18173514/F19/,loss
2023-10-26,2023 World Championship,Weibo Gaming,MAD Lions,over,total_kills 23.5,17.29%,1.58,1.852,Dafabet,https://esports.e1q1j0ov.com/esportsite/index.html?v=231022200000&id=1032&token=&languageCode=0&liveStream=1&theme=default&streamer=1&streamerLiveStream=1#/,win
2023-10-27,2023 World Championship,Dplus KIA,GAM Esports,over,game_duration 28.0,30.48%,1.48,1.933,Dafabet,https://esports.e1q1j0ov.com/esportsite/index.html?v=231022200000&id=1032&token=&languageCode=0&liveStream=1&theme=default&streamer=1&streamerLiveStream=1#/,loss
2023-10-27,2023 World Championship,Dplus KIA,GAM Esports,over,total_barons 1.5,19.38%,2.22,2.653,Dafabet,https://esports.e1q1j0ov.com/esportsite/index.html?v=231022200000&id=1032&token=&languageCode=0&liveStream=1&theme=default&streamer=1&streamerLiveStream=1#/,loss
2023-10-27,2023 World Championship,LNG Esports,KT Rolster,under,total_kills 24.5,32.71%,1.48,1.966,Dafabet,https://esports.e1q1j0ov.com/esportsite/index.html?v=231022200000&id=1032&token=&languageCode=0&liveStream=1&theme=default&streamer=1&streamerLiveStream=1#/,win
2023-10-27,2023 World Championship,LNG Esports,KT Rolster,under,game_duration 31.0,20.06%,1.67,2.001,Dafabet,https://esports.e1q1j0ov.com/esportsite/index.html?v=231022200000&id=1032&token=&languageCode=0&liveStream=1&theme=default&streamer=1&streamerLiveStream=1#/,loss
2023-10-27,2023 World Championship,LNG Esports,KT Rolster,under,total_barons 1.5,6.60%,1.74,1.854,Dafabet,https://esports.e1q1j0ov.com/esportsite/index.html?v=231022200000&id=1032&token=&languageCode=0&liveStream=1&theme=default&streamer=1&streamerLiveStream=1#/,loss
2023-10-28,2023 World Championship,Bilibili Gaming,T1,over,total_kills 25.5,13.56%,1.6,1.817,Dafabet,https://esports.e1q1j0ov.com/esportsite/index.html?v=231022200000&id=1032&token=&languageCode=0&liveStream=1&theme=default&streamer=1&streamerLiveStream=1#/,loss
2023-10-28,2023 World Championship,Bilibili Gaming,T1,under,total_barons 1.5,15.62%,1.6,1.85,Dafabet,https://esports.e1q1j0ov.com/esportsite/index.html?v=231022200000&id=1032&token=&languageCode=0&liveStream=1&theme=default&streamer=1&streamerLiveStream=1#/,win
2023-10-24,Iberian Cup,Finetwork KOI,BWE Esports,under,total_kills 30.5,32.09%,1.4,1.851,Dafabet,https://esports.e1q1j0ov.com/esportsite/index.html?v=231022200000&id=1032&token=&languageCode=0&liveStream=1&theme=default&streamer=1&streamerLiveStream=1#/,win
2023-10-24,Iberian Cup,UCAM Tokiers,Ramboot Club,under,game_duration 31.0,20.83%,1.48,1.79,Dafabet,https://esports.e1q1j0ov.com/esportsite/index.html?v=231022200000&id=1032&token=&languageCode=0&liveStream=1&theme=default&streamer=1&streamerLiveStream=1#/,loss
2023-10-25,Iberian Cup,Los Heretics,Wizards,over,game_duration 29.0,63.49%,1.29,2.102,Dafabet,https://esports.e1q1j0ov.com/esportsite/index.html?v=231022200000&id=1032&token=&languageCode=0&liveStream=1&theme=default&streamer=1&streamerLiveStream=1#/,win
2023-10-25,Iberian Cup,Rebels Gaming,White Dragons,under,total_kills 30.5,31.11%,1.41,1.851,Dafabet,https://esports.e1q1j0ov.com/esportsite/index.html?v=231022200000&id=1032&token=&languageCode=0&liveStream=1&theme=default&streamer=1&streamerLiveStream=1#/,win
2023-10-27,LOL - World Champs,Dplus KIA,GAM Esports,over,total_kills 23.5,5.22%,1.74,1.83,Bet365,https://www.bet365.com/#/AC/B151/C20902720/D19/E18173510/F19/,loss
2023-10-27,LOL - World Champs,KT Rolster,LNG Esports,over,game_duration 29.5,14.38%,1.6,1.83,Bet365,https://www.bet365.com/#/AC/B151/C20902720/D19/E18173512/F19/,win
2023-10-28,LOL - World Champs,NRG,G2 Esports,over,total_kills 24.5,37.25%,1.33,1.83,Bet365,https://www.bet365.com/#/AC/B151/C20902720/D19/E18173513/F19/,win
2023-10-28,LOL - World Champs,NRG,G2 Esports,over,game_duration 30.5,9.80%,1.67,1.83,Bet365,https://www.bet365.com/#/AC/B151/C20902720/D19/E18173513/F19/,win
2023-10-28,LOL - World Champs,T1,Bilibili Gaming,under,total_inhibitors 1.5,23.50%,1.54,1.9,Bet365,https://www.bet365.com/#/AC/B151/C20902720/D19/E18173514/F19/,loss
2023-10-26,2023 World Championship,Weibo Gaming,MAD Lions,over,total_kills 24.5,21.09%,1.58,1.912,Dafabet,https://esports.e1q1j0ov.com/esportsite/index.html?v=231024235510&id=1032&token=&languageCode=0&liveStream=1&theme=default&streamer=1&streamerLiveStream=1#/,win
2023-10-26,2023 World Championship,Weibo Gaming,MAD Lions,over,game_duration 29.0,12.86%,1.58,1.782,Dafabet,https://esports.e1q1j0ov.com/esportsite/index.html?v=231024235510&id=1032&token=&languageCode=0&liveStream=1&theme=default&streamer=1&streamerLiveStream=1#/,win
2023-10-28,2023 World Championship,Bilibili Gaming,T1,under,game_duration 31.0,5.38%,1.82,1.916,Dafabet,https://esports.e1q1j0ov.com/esportsite/index.html?v=231024235510&id=1032&token=&languageCode=0&liveStream=1&theme=default&streamer=1&streamerLiveStream=1#/,win
2023-11-01,Iberian Cup,Finetwork KOI,UCAM Tokiers,FD,first_dragon Finetwork KOI,5.28%,1.55,1.627,Dafabet,https://esports.e1q1j0ov.com/esportsite/index.html?v=231024235510&id=1032&token=&languageCode=0&liveStream=1&theme=default&streamer=1&streamerLiveStream=1#/,loss
2023-10-27,LOL - World Champs,Dplus KIA,GAM Esports,under,total_inhibitors 1.5,6.65%,2.22,2.37,Bet365,https://www.bet365.com/#/AC/B151/C20902720/D19/E18173510/F19/,loss
2023-10-28,LOL - World Champs,NRG,G2 Esports,over,total_towers 11.5,12.70%,1.43,1.61,Bet365,https://www.bet365.com/#/AC/B151/C20902720/D19/E18173514/F19/,loss
2023-10-28,LOL - World Champs,NRG,G2 Esports,over,total_kills 26.5,5.22%,1.74,1.83,Bet365,https://www.bet365.com/#/AC/B151/C20902720/D19/E18173514/F19/,loss
2023-10-28,LOL - World Champs,T1,Bilibili Gaming,under,total_dragons 4.5,7.50%,1.6,1.72,Bet365,https://www.bet365.com/#/AC/B151/C20902720/D19/E18173513/F19/,win
2023-10-28,LOL - World Champs,T1,Bilibili Gaming,under,total_towers 12.5,11.80%,1.54,1.72,Bet365,https://www.bet365.com/#/AC/B151/C20902720/D19/E18173513/F19/,win
2023-10-28,LOL - World Champs,T1,Bilibili Gaming,over,total_kills 24.5,18.95%,1.54,1.83,Bet365,https://www.bet365.com/#/AC/B151/C20902720/D19/E18173513/F19/,loss
2023-10-31,LOL - Iberian Cup,Los Heretics,Case Esports,over,total_dragons 4.5,14.27%,2.07,2.37,Bet365,https://www.bet365.com/#/AC/B151/C20916663/D19/E18198225/F19/,win
2023-10-31,LOL - Iberian Cup,Los Heretics,Case Esports,over,game_duration 29.5,18.73%,1.54,1.83,Bet365,https://www.bet365.com/#/AC/B151/C20916663/D19/E18198225/F19/,win
2023-10-31,LOL - Iberian Cup,Los Heretics,Case Esports,under,total_inhibitors 1.5,12.50%,2.0,2.25,Bet365,https://www.bet365.com/#/AC/B151/C20916663/D19/E18198225/F19/,loss
2023-10-31,LOL - Iberian Cup,Los Heretics,Case Esports,over,total_barons 1.5,17.09%,2.02,2.37,Bet365,https://www.bet365.com/#/AC/B151/C20916663/D19/E18198225/F19/,win
2023-11-01,LOL - Iberian Cup,Giants,Rebels Gaming,under,total_towers 12.5,5.40%,1.49,1.57,Bet365,https://www.bet365.com/#/AC/B151/C20916663/D19/E18198226/F19/,win
2023-11-01,LOL - Iberian Cup,Giants,Rebels Gaming,under,total_kills 28.5,20.29%,1.52,1.83,Bet365,https://www.bet365.com/#/AC/B151/C20916663/D19/E18198226/F19/,loss
2023-11-01,LOL - Iberian Cup,Giants,Rebels Gaming,under,game_duration 31.5,22.85%,1.49,1.83,Bet365,https://www.bet365.com/#/AC/B151/C20916663/D19/E18198226/F19/,win
2023-11-01,LOL - Iberian Cup,Giants,Rebels Gaming,under,total_inhibitors 1.5,23.51%,1.82,2.25,Bet365,https://www.bet365.com/#/AC/B151/C20916663/D19/E18198226/F19/,win
2023-11-01,LOL - Iberian Cup,Giants,Rebels Gaming,under,total_dragons 4.5,11.40%,1.62,1.8,Bet365,https://www.bet365.com/#/AC/B151/C20916663/D19/E18198226/F19/,win
2023-11-01,LOL - Iberian Cup,Giants,Rebels Gaming,under,total_kills 29.5,35.65%,1.35,1.83,Bet365,https://www.bet365.com/#/AC/B151/C20916663/D19/E18198226/F19/,loss
2023-10-28,2023 World Championship,Bilibili Gaming,T1,FD,first_dragon T1,10.94%,1.67,1.849,Dafabet,https://esports.e1q1j0ov.com/esportsite/index.html?v=231026200000&id=1032&token=&languageCode=0&liveStream=1&theme=default&streamer=1&streamerLiveStream=1#/,win
2023-10-31,Iberian Cup,Los Heretics,Case Esports,FD,first_dragon Case Esports,102.40%,1.0,2.024,Dafabet,https://esports.e1q1j0ov.com/esportsite/index.html?v=231026200000&id=1032&token=&languageCode=0&liveStream=1&theme=default&streamer=1&streamerLiveStream=1#/,loss
2023-11-01,Iberian Cup,Giants,Rebels Gaming,FD,first_dragon Rebels Gaming,25.82%,1.38,1.73,Dafabet,https://esports.e1q1j0ov.com/esportsite/index.html?v=231026200000&id=1032&token=&languageCode=0&liveStream=1&theme=default&streamer=1&streamerLiveStream=1#/,win
2023-10-28,LCK Academy Series,OKSavingsBank BRION Academy,Hanwha Life Esports Academy,FD,first_dragon OKSavingsBank BRION Academy,24.25%,1.6,1.988,Dafabet,https://esports.e1q1j0ov.com/esportsite/index.html?v=231026200000&id=1032&token=&languageCode=0&liveStream=1&theme=default&streamer=1&streamerLiveStream=1#/,loss
2023-11-02,LOL - World Champs,NRG,Weibo Gaming,over,total_dragons 4.5,25.00%,2.0,2.5,Bet365,https://www.bet365.com/#/AC/B151/C20902720/D19/E18221032/F19/,win
2023-11-02,LOL - World Champs,NRG,Weibo Gaming,over,total_kills 24.5,17.00%,1.54,1.8,Bet365,https://www.bet365.com/#/AC/B151/C20902720/D19/E18221032/F19/,loss
2023-11-02,LOL - World Champs,NRG,Weibo Gaming,over,game_duration 30.5,9.80%,1.67,1.83,Bet365,https://www.bet365.com/#/AC/B151/C20902720/D19/E18221032/F19/,win
2023-11-02,LOL - World Champs,NRG,Weibo Gaming,over,total_barons 1.5,35.00%,1.67,2.25,Bet365,https://www.bet365.com/#/AC/B151/C20902720/D19/E18221032/F19/,win
2023-11-04,2023 World Championship,JD Gaming,KT Rolster,under,total_kills 24.5,32.02%,1.43,1.886,Dafabet,https://esports.e1q1j0ov.com/esportsite/index.html?v=231028200000&id=1032&token=&languageCode=0&liveStream=1&theme=default&streamer=1&streamerLiveStream=1#/,win
2023-11-04,2023 World Championship,JD Gaming,KT Rolster,under,game_duration 31.0,7.82%,1.67,1.797,Dafabet,https://esports.e1q1j0ov.com/esportsite/index.html?v=231028200000&id=1032&token=&languageCode=0&liveStream=1&theme=default&streamer=1&streamerLiveStream=1#/,win
2023-11-04,2023 World Championship,JD Gaming,KT Rolster,under,total_barons 1.5,16.81%,1.6,1.869,Dafabet,https://esports.e1q1j0ov.com/esportsite/index.html?v=231028200000&id=1032&token=&languageCode=0&liveStream=1&theme=default&streamer=1&streamerLiveStream=1#/,win
2023-11-05,2023 World Championship,LNG Esports,T1,under,total_kills 24.5,27.61%,1.43,1.823,Dafabet,https://esports.e1q1j0ov.com/esportsite/index.html?v=231028200000&id=1032&token=&languageCode=0&liveStream=1&theme=default&streamer=1&streamerLiveStream=1#/,win
2023-11-05,2023 World Championship,LNG Esports,T1,FD,first_dragon T1,6.38%,1.67,1.773,Dafabet,https://esports.e1q1j0ov.com/esportsite/index.html?v=231028200000&id=1032&token=&languageCode=0&liveStream=1&theme=default&streamer=1&streamerLiveStream=1#/,win
2023-11-05,2023 World Championship,LNG Esports,T1,under,game_duration 31.0,25.52%,1.54,1.931,Dafabet,https://esports.e1q1j0ov.com/esportsite/index.html?v=231028200000&id=1032&token=&languageCode=0&liveStream=1&theme=default&streamer=1&streamerLiveStream=1#/,win
2023-11-05,2023 World Championship,LNG Esports,T1,under,total_barons 1.5,21.48%,1.54,1.869,Dafabet,https://esports.e1q1j0ov.com/esportsite/index.html?v=231028200000&id=1032&token=&languageCode=0&liveStream=1&theme=default&streamer=1&streamerLiveStream=1#/,win
2023-11-03,LOL - World Champs,Gen.G,Bilibili Gaming,under,total_dragons 4.5,12.70%,1.43,1.61,Bet365,https://www.bet365.com/#/AC/B151/C20902720/D19/E18221031/F19/,loss
2023-11-03,LOL - World Champs,Gen.G,Bilibili Gaming,under,total_towers 12.5,12.70%,1.43,1.61,Bet365,https://www.bet365.com/#/AC/B151/C20902720/D19/E18221031/F19/,win
2023-11-03,LOL - World Champs,Gen.G,Bilibili Gaming,under,game_duration 31.5,23.53%,1.48,1.83,Bet365,https://www.bet365.com/#/AC/B151/C20902720/D19/E18221031/F19/,win
2023-11-03,LOL - World Champs,Gen.G,Bilibili Gaming,under,total_inhibitors 1.5,35.00%,1.48,2.0,Bet365,https://www.bet365.com/#/AC/B151/C20902720/D19/E18221031/F19/,win
2023-11-03,LOL - World Champs,Gen.G,Bilibili Gaming,under,total_barons 1.5,14.38%,1.6,1.83,Bet365,https://www.bet365.com/#/AC/B151/C20902720/D19/E18221031/F19/,win
2023-11-04,LOL - World Champs,JD Gaming,KT Rolster,under,total_kills 23.5,23.53%,1.48,1.83,Bet365,https://www.bet365.com/#/AC/B151/C20902720/D19/E18221033/F19/,win
2023-11-04,LOL - World Champs,JD Gaming,KT Rolster,under,total_inhibitors 1.5,5.00%,1.9,2.0,Bet365,https://www.bet365.com/#/AC/B151/C20902720/D19/E18221033/F19/,win
2023-11-04,LOL - World Champs,JD Gaming,KT Rolster,under,total_barons 1.5,7.50%,1.6,1.72,Bet365,https://www.bet365.com/#/AC/B151/C20902720/D19/E18221033/F19/,win
2023-11-05,LOL - World Champs,LNG Esports,T1,under,total_dragons 4.5,33.00%,1.43,1.9,Bet365,https://www.bet365.com/#/AC/B151/C20902720/D19/E18221034/F19/,win
2023-11-05,LOL - World Champs,LNG Esports,T1,under,total_towers 12.5,5.98%,1.48,1.57,Bet365,https://www.bet365.com/#/AC/B151/C20902720/D19/E18221034/F19/,win
2023-11-05,LOL - World Champs,LNG Esports,T1,under,total_kills 23.5,26.00%,1.43,1.8,Bet365,https://www.bet365.com/#/AC/B151/C20902720/D19/E18221034/F19/,win
2023-11-05,LOL - World Champs,LNG Esports,T1,under,game_duration 31.5,32.67%,1.38,1.83,Bet365,https://www.bet365.com/#/AC/B151/C20902720/D19/E18221034/F19/,win
2023-11-05,LOL - World Champs,LNG Esports,T1,under,total_inhibitors 1.5,40.00%,1.43,2.0,Bet365,https://www.bet365.com/#/AC/B151/C20902720/D19/E18221034/F19/,win
2023-11-05,LOL - World Champs,LNG Esports,T1,under,total_barons 1.5,18.95%,1.54,1.83,Bet365,https://www.bet365.com/#/AC/B151/C20902720/D19/E18221034/F19/,win
2023-11-05,2023 World Championship,LNG Esports,T1,under,total_kills 23.5,31.39%,1.43,1.877,Dafabet,https://esports.e1q1j0ov.com/esportsite/index.html?v=231031200000&id=1032&token=&languageCode=0&liveStream=1&theme=default&streamer=1&streamerLiveStream=1#/,win
2023-11-01,Iberian Cup,Finetwork KOI,UCAM Tokiers,over,game_duration 31.0,17.17%,1.62,1.897,Dafabet,https://esports.e1q1j0ov.com/esportsite/index.html?v=231031200000&id=1032&token=&languageCode=0&liveStream=1&theme=default&streamer=1&streamerLiveStream=1#/,loss
2023-11-01,Iberian Cup,Finetwork KOI,UCAM Tokiers,over,total_barons 1.5,36.19%,1.79,2.437,Dafabet,https://esports.e1q1j0ov.com/esportsite/index.html?v=231031200000&id=1032&token=&languageCode=0&liveStream=1&theme=default&streamer=1&streamerLiveStream=1#/,win
2023-11-04,League of Legends - World Championship,JD Gaming,KT Rolster,under,total_kills 20.5,46.85%,1.82,2.67,Pinnacle,https://www.pinnacle.com/pt/esports/league-of-legends-emea-masters/orbit-anonymo-vs-bisons/1581157132/#all,win
2023-11-04,League of Legends - World Championship,JD Gaming,KT Rolster,under,total_barons 1.5,6.19%,1.6,1.699,Pinnacle,https://www.pinnacle.com/pt/esports/league-of-legends-emea-masters/orbit-anonymo-vs-bisons/1581157132/#all,win
2023-11-04,League of Legends - World Championship,JD Gaming,KT Rolster,under,total_kills 21.5,23.20%,1.82,2.24,Pinnacle,https://www.pinnacle.com/pt/esports/league-of-legends-emea-masters/orbit-anonymo-vs-bisons/1581157132/#all,win
2023-11-01,Iberian Cup,Finetwork KOI,UCAM Tokiers,FD,first_dragon UCAM Tokiers,7.40%,2.0,2.148,Dafabet,https://esports.e1q1j0ov.com/esportsite/index.html?v=231028200000&id=1032&token=&languageCode=0&liveStream=1&theme=default&streamer=1&streamerLiveStream=1#/,win
2023-11-04,League of Legends - World Championship,JD Gaming,KT Rolster,under,total_kills 23.5,21.50%,1.48,1.8,Pinnacle,https://www.pinnacle.com/pt/esports/league-of-legends-emea-masters/orbit-anonymo-vs-bisons/1581157132/#all,win
2023-11-04,League of Legends - World Championship,JD Gaming,KT Rolster,under,total_dragons 4.5,5.17%,1.48,1.558,Pinnacle,https://www.pinnacle.com/pt/esports/league-of-legends-emea-masters/orbit-anonymo-vs-bisons/1581157132/#all,win
2023-11-04,League of Legends - World Championship,JD Gaming,KT Rolster,under,game_duration 30.0,6.05%,1.9,2.02,Pinnacle,https://www.pinnacle.com/pt/esports/league-of-legends-emea-masters/orbit-anonymo-vs-bisons/1581157132/#all,win
2023-11-05,League of Legends - World Championship,LNG Esports,T1,under,total_dragons 4.5,26.00%,1.43,1.8,Pinnacle,https://www.pinnacle.com/pt/esports/league-of-legends-emea-masters/orbit-anonymo-vs-bisons/1581157157/#all,win
2023-11-05,League of Legends - World Championship,LNG Esports,T1,under,total_towers 12.5,9.89%,1.48,1.628,Pinnacle,https://www.pinnacle.com/pt/esports/league-of-legends-emea-masters/orbit-anonymo-vs-bisons/1581157157/#all,win
2023-11-05,League of Legends - World Championship,LNG Esports,T1,under,total_kills 25.5,6.79%,1.38,1.473,Pinnacle,https://www.pinnacle.com/pt/esports/league-of-legends-emea-masters/orbit-anonymo-vs-bisons/1581157157/#all,win
2023-11-05,League of Legends - World Championship,LNG Esports,T1,under,game_duration 31.0,40.40%,1.54,2.16,Pinnacle,https://www.pinnacle.com/pt/esports/league-of-legends-emea-masters/orbit-anonymo-vs-bisons/1581157157/#all,win
2023-11-05,League of Legends - World Championship,LNG Esports,T1,under,total_barons 1.5,20.05%,1.54,1.847,Pinnacle,https://www.pinnacle.com/pt/esports/league-of-legends-emea-masters/orbit-anonymo-vs-bisons/1581157157/#all,win
2023-11-04,League of Legends - World Championship,JD Gaming,KT Rolster,under,total_kills 22.5,30.00%,1.54,2.0,Pinnacle,https://www.pinnacle.com/pt/esports/league-of-legends-emea-masters/orbit-anonymo-vs-bisons/1581157149/#all,win
2023-11-01,Coupe de France,Team GO,Team du Sud,FD,first_dragon Team du Sud,5.05%,1.82,1.91,Dafabet,https://esports.e1q1j0ov.com/esportsite/index.html?v=231028200000&id=1032&token=&languageCode=0&liveStream=1&theme=default&streamer=1&streamerLiveStream=1#/,pending
2023-11-01,Coupe de France,Team GO,Team du Sud,under,game_duration 31.0,22.14%,1.54,1.879,Dafabet,https://esports.e1q1j0ov.com/esportsite/index.html?v=231028200000&id=1032&token=&languageCode=0&liveStream=1&theme=default&streamer=1&streamerLiveStream=1#/,pending
2023-11-01,Prime Pokal,Unicorns Of Love Sexy Edition,Eintracht Spandau,FD,first_dragon Eintracht Spandau,26.75%,1.54,1.95,Dafabet,https://esports.e1q1j0ov.com/esportsite/index.html?v=231028200000&id=1032&token=&languageCode=0&liveStream=1&theme=default&streamer=1&streamerLiveStream=1#/,pending
